universidad,porcentaje ttl-zero-during-transit
harvard.com,40.0
ox.ac.uk,44.44444444444444
uba.com,57.14285714285714
laidlaw.ac.nz,55.55555555555556
cam.ac.uk,69.56521739130434
africau.edu,55.55555555555556
mit.edu,31.25
laidlaw.ac.nz,55.55555555555556
du.ac.in,35.714285714285715
www.unimelb.edu.au,44.44444444444444
