ttl,ip,RTT
1,192.168.0.1,0.10445618629455566
2,*,1.0475645065307617
3,*,1.0393781661987305
4,*,1.0515656471252441
5,*,1.0396149158477783
6,*,1.0434069633483887
7,*,1.0354151725769043
8,*,1.0472910404205322
9,*,1.0592787265777588
10,*,1.0475690364837646
11,150.222.1.31,0.06340384483337402
12,150.222.1.30,0.059470415115356445
13,15.197.184.83,0.06347322463989258
