ttl,ip,RTT
1,192.168.0.1,0.11820507049560547
2,*,10.051027297973633
3,*,10.059545993804932
4,*,10.05140209197998
5,*,10.067601919174194
6,*,10.051919937133789
7,72.14.194.198,0.043097496032714844
8,142.250.62.85,0.07192492485046387
9,142.251.239.157,0.06306338310241699
10,142.251.133.238,0.06781721115112305
