ttl,ip,RTT
1,10.9.255.254,0.008003950119018555
2,200.89.140.129,0.008039712905883789
3,10.104.63.169,0.007956981658935547
4,*,1.0113463401794434
5,10.100.1.213,0.0
6,200.89.164.230,0.0
7,10.110.144.2,0.0320277214050293
8,10.110.144.1,0.007757663726806641
9,10.100.26.49,0.24553203582763672
10,*,1.010629653930664
11,*,1.0035288333892822
12,72.14.194.198,0.0056934356689453125
13,142.250.62.83,0.0
14,142.251.77.165,0.01599597930908203
15,142.251.133.46,0.0
