ttl,ip,RTT
1,192.168.0.1,0.042024850845336914
2,*,0.5550026893615723
3,*,0.5471401214599609
4,*,0.5475974082946777
5,*,0.5429625511169434
6,*,0.5349998474121094
7,190.94.187.205,0.07135581970214844
8,*,0.5588362216949463
9,177.84.165.97,0.09891724586486816
10,177.84.165.98,0.07158708572387695
11,23.203.159.49,0.09121394157409668
12,*,0.5551140308380127
13,*,0.5512025356292725
14,*,0.5432231426239014
15,23.38.146.13,0.09521627426147461
