ttl,ip,RTT
1,192.168.0.1,0.05673551559448242
2,*,0.5434002876281738
3,*,0.5553762912750244
4,*,0.547248363494873
5,*,0.5553889274597168
6,*,0.5472543239593506
7,195.22.220.56,0.0872337818145752
8,195.22.199.82,0.19911408424377441
9,4.68.62.57,0.19117045402526855
10,4.69.133.238,0.3032042980194092
11,212.3.235.26,0.2993183135986328
12,*,0.5432949066162109
13,185.98.130.229,0.2869296073913574
14,185.98.137.238,0.2915616035461426
