ttl,ip,RTT
1,192.168.0.1,0.06985855102539062
2,*,0.5584263801574707
3,*,0.5473101139068604
4,*,0.5550742149353027
5,*,0.5391755104064941
6,181.96.113.234,0.40766096115112305
7,72.14.194.198,0.07107377052307129
8,142.250.57.181,0.059093475341796875
9,72.14.238.213,0.07582473754882812
10,142.250.79.78,0.06250166893005371
