ttl,ip,RTT
1,192.168.0.1,0.05771183967590332
2,*,0.5314743518829346
3,*,0.57135009765625
4,*,0.5672266483306885
5,*,0.5351791381835938
6,181.96.113.234,0.06723761558532715
7,72.14.194.198,0.06314849853515625
8,142.250.62.83,0.07553625106811523
9,142.251.239.163,0.06742191314697266
10,142.251.134.46,0.0672600269317627
