ttl,ip,RTT
1,192.168.0.1,0.14620137214660645
2,*,1.0692994594573975
3,*,1.0544099807739258
4,*,1.0472838878631592
5,*,1.0431544780731201
6,181.96.113.234,0.36705493927001953
7,72.14.194.198,0.0750880241394043
8,142.250.62.83,0.06669139862060547
9,142.251.239.163,0.07097411155700684
10,142.251.134.46,0.06348586082458496
